Player,Pos,Age,Tm,G,GS,MP,FG,FGA,FG%,3P,3PA,3P%,2P,2PA,2P%,eFG%,FT,FTA,FT%,ORB,DRB,TRB,AST,STL,BLK,TOV,PF,PTS
Steven Adams,C,26,OKC,63,63,26.7,4.5,7.6,.592,0.0,0.0,.333,4.5,7.5,.594,.593,1.9,3.2,.582,3.3,6.0,9.3,2.3,0.8,1.1,1.5,1.9,10.9
LaMarcus Aldridge,C,34,SAS,53,53,33.1,7.4,15.0,.493,1.2,3.0,.389,6.2,12.0,.519,.532,3.0,3.6,.827,1.9,5.5,7.4,2.4,0.7,1.6,1.4,2.4,18.9
Jarrett Allen,C,21,BRK,70,64,26.5,4.3,6.6,.649,0.0,0.1,.000,4.3,6.6,.658,.649,2.4,3.9,.633,3.1,6.5,9.6,1.6,0.6,1.3,1.1,2.3,11.1
Kadeem Allen,PG,27,NYK,10,0,11.7,1.9,4.4,.432,0.5,1.6,.313,1.4,2.8,.500,.489,0.7,1.1,.636,0.2,0.7,0.9,2.1,0.5,0.2,0.8,0.7,5.0
Justin Anderson,SG,26,BRK,10,1,10.7,1.0,3.8,.263,0.6,2.9,.207,0.4,0.9,.444,.342,0.2,0.4,.500,0.1,2.0,2.1,0.8,0.0,0.6,0.4,1.3,2.8
Ryan Arcidiacono,PG,25,CHI,58,4,16.0,1.6,3.8,.409,0.9,2.4,.391,0.6,1.4,.439,.532,0.5,0.7,.711,0.3,1.6,1.9,1.7,0.5,0.1,0.6,1.7,4.5
D.J. Augustin,PG,32,ORL,57,13,24.9,3.2,8.1,.399,1.2,3.5,.348,2.0,4.6,.438,.475,2.8,3.2,.890,0.4,1.8,2.1,4.6,0.6,0.0,1.5,1.3,10.5
Deandre Ayton,C,21,PHO,38,32,32.5,8.2,14.9,.546,0.1,0.3,.231,8.1,14.6,.553,.548,1.8,2.3,.753,3.9,7.6,11.5,1.9,0.7,1.5,2.1,3.1,18.2
Dwayne Bacon,SG,24,CHO,39,11,17.6,2.2,6.3,.348,0.5,1.7,.284,1.7,4.5,.373,.387,0.9,1.4,.660,0.4,2.2,2.6,1.3,0.6,0.1,0.9,1.3,5.7
Marvin Bagley III,C,20,SAC,13,6,25.7,6.0,12.8,.467,0.3,1.7,.182,5.7,11.2,.510,.479,1.9,2.4,.806,2.2,5.2,7.5,0.8,0.5,0.9,1.4,3.3,14.2
Mo Bamba,C,21,ORL,62,0,14.2,2.1,4.6,.462,0.6,1.7,.346,1.5,2.9,.531,.526,0.5,0.7,.674,1.6,3.3,4.9,0.7,0.4,1.4,0.7,1.9,5.4
J.J. Barea,PG,35,DAL,29,6,15.5,2.9,7.1,.411,1.1,2.9,.376,1.8,4.2,.434,.488,0.7,0.8,.909,0.3,1.5,1.8,3.9,0.2,0.1,1.3,0.9,7.7
RJ Barrett,SG,19,NYK,56,55,30.4,5.2,13.0,.402,1.1,3.5,.320,4.1,9.5,.432,.445,2.8,4.5,.614,0.9,4.1,5.0,2.6,1.0,0.3,2.2,2.2,14.3
Aron Baynes,C,33,PHO,42,28,22.2,4.4,9.1,.480,1.4,4.0,.351,3.0,5.1,.582,.558,1.3,1.8,.747,1.7,4.0,5.6,1.6,0.2,0.5,1.2,3.4,11.5
Bradley Beal,SG,26,WAS,57,57,36.0,10.4,22.9,.455,3.0,8.4,.353,7.4,14.4,.515,.520,6.8,8.0,.842,0.9,3.3,4.2,6.1,1.2,0.4,3.4,2.2,30.5
Malik Beasley,SG,23,TOT,55,14,22.0,4.1,9.7,.425,1.9,5.0,.388,2.2,4.7,.465,.525,1.0,1.2,.818,0.3,2.4,2.7,1.4,0.7,0.1,1.0,1.4,11.2
Malik Beasley,SG,23,DEN,41,0,18.2,2.9,7.3,.389,1.4,3.9,.360,1.4,3.4,.421,.485,0.8,0.9,.868,0.2,1.7,1.9,1.2,0.8,0.1,0.9,1.2,7.9
Marco Belinelli,SG,33,SAS,57,0,15.5,2.2,5.5,.392,1.2,3.1,.376,1.0,2.4,.412,.498,0.8,1.0,.828,0.1,1.6,1.7,1.2,0.2,0.0,0.3,0.8,6.3
Jordan Bell,C,25,TOT,29,0,8.8,1.2,2.3,.522,0.1,0.4,.333,1.1,1.9,.564,.552,0.7,1.1,.613,1.0,1.8,2.8,0.6,0.1,0.3,0.7,0.7,3.2
DeAndre' Bembry,SG,25,ATL,43,4,21.3,2.4,5.3,.456,0.3,1.5,.231,2.1,3.8,.546,.489,0.6,1.1,.542,0.8,2.7,3.5,1.9,1.3,0.4,1.4,2.0,5.8
Patrick Beverley,PG,31,LAC,51,50,26.3,2.9,6.7,.431,1.6,4.0,.388,1.3,2.6,.496,.548,0.6,0.9,.660,1.1,4.1,5.2,3.6,1.1,0.5,1.3,3.1,7.9
Khem Birch,C,27,ORL,48,24,19.2,1.5,3.0,.510,0.0,0.0,.000,1.5,3.0,.514,.510,1.4,2.1,.653,1.9,2.7,4.6,1.0,0.4,0.5,0.6,1.9,4.4
Bismack Biyombo,C,27,CHO,53,29,19.4,2.8,5.2,.543,0.0,0.0,0,2.8,5.2,.543,.543,1.7,2.8,.603,2.3,3.5,5.8,0.9,0.2,0.9,0.9,2.2,7.4
Bogdan Bogdanović,SG,27,SAC,61,28,29.0,5.5,12.6,.440,2.7,7.2,.372,2.8,5.3,.532,.547,1.4,1.9,.741,0.4,3.0,3.4,3.4,1.0,0.2,1.7,2.2,15.1
Jonah Bolden,C,24,TOT,7,0,6.7,0.6,1.6,.364,0.0,0.6,.000,0.6,1.0,.571,.364,0.3,0.6,.500,0.4,0.9,1.3,0.0,0.4,0.3,0.3,1.4,1.4
Jonah Bolden,C,24,PHO,3,0,11.0,0.7,2.7,.250,0.0,1.0,.000,0.7,1.7,.400,.250,0.7,0.7,1.000,1.0,1.7,2.7,0.0,0.7,0.7,0.0,2.0,2.0
Marques Bolden,C,21,CLE,1,0,3.0,0.0,0.0,0,0.0,0.0,0,0.0,0.0,0,0,0.0,0.0,0,0.0,2.0,2.0,0.0,1.0,0.0,0.0,1.0,0.0
Jordan Bone,PG,22,DET,10,0,5.3,0.5,2.0,.250,0.2,1.0,.200,0.3,1.0,.300,.300,0.0,0.0,0,0.0,0.4,0.4,0.8,0.1,0.0,0.2,0.6,1.2
Devin Booker,SG,23,PHO,70,70,35.9,9.0,18.3,.489,2.0,5.7,.354,6.9,12.6,.549,.544,6.7,7.3,.919,0.4,3.8,4.2,6.5,0.7,0.3,3.8,3.0,26.6
Chris Boucher,C,27,TOR,62,0,13.2,2.3,4.8,.472,0.6,1.9,.322,1.7,2.9,.569,.535,1.5,1.9,.784,1.7,2.7,4.5,0.4,0.4,1.0,0.5,1.8,6.6
Ky Bowman,PG,22,GSW,45,12,22.6,3.0,7.1,.417,0.7,2.4,.308,2.2,4.8,.472,.469,0.8,0.9,.829,0.5,2.2,2.7,2.9,1.0,0.2,1.6,2.3,7.4
Avery Bradley,SG,29,LAL,49,44,24.2,3.5,7.8,.444,1.3,3.5,.364,2.2,4.3,.510,.526,0.4,0.5,.833,0.4,2.0,2.3,1.3,0.9,0.1,1.0,2.2,8.6
Tony Bradley,C,22,UTA,58,3,11.4,2.2,3.3,.667,0.1,0.1,1.000,2.1,3.2,.661,.675,0.5,0.8,.652,1.9,2.7,4.6,0.4,0.2,0.6,0.5,2.0,4.9
Bruce Brown,PG,23,DET,58,43,28.2,3.4,7.7,.443,0.6,1.7,.344,2.8,6.1,.470,.480,1.5,2.1,.739,1.1,3.7,4.7,4.0,1.1,0.5,1.7,2.8,8.9
Charlie Brown Jr.,SG,22,ATL,10,0,4.0,0.6,1.9,.316,0.3,0.9,.333,0.3,1.0,.300,.395,0.5,0.5,1.000,0.2,0.2,0.4,0.2,0.2,0.2,0.3,0.3,2.0
Jaylen Brown,SG,23,BOS,57,57,33.9,7.5,15.6,.481,2.3,5.9,.382,5.2,9.6,.543,.554,3.1,4.3,.724,1.1,5.3,6.4,2.1,1.1,0.4,2.2,2.9,20.3
Moses Brown,C,20,POR,9,0,3.7,0.4,1.1,.400,0.0,0.0,0,0.4,1.1,.400,.400,0.3,0.9,.375,0.3,1.2,1.6,0.1,0.1,0.1,0.3,0.8,1.2
Jalen Brunson,PG,23,DAL,57,16,17.9,3.2,6.8,.466,0.8,2.1,.358,2.4,4.7,.515,.522,1.1,1.3,.813,0.4,2.0,2.4,3.3,0.4,0.1,1.2,1.3,8.2
Thomas Bryant,C,22,WAS,46,36,24.9,5.3,9.1,.581,0.8,2.0,.407,4.5,7.1,.630,.626,1.9,2.5,.741,2.1,5.1,7.2,1.8,0.5,1.1,1.2,2.2,13.2
Reggie Bullock,SG,28,NYK,29,19,23.6,3.1,7.7,.402,1.3,3.8,.333,1.8,3.9,.469,.484,0.6,0.7,.810,0.4,1.9,2.3,1.4,0.9,0.1,0.7,1.9,8.1
Trey Burke,PG,27,TOT,33,1,15.8,2.8,6.3,.450,1.0,2.3,.427,1.9,4.1,.463,.526,0.7,0.9,.793,0.5,1.0,1.5,2.5,0.5,0.1,0.6,1.0,7.4
Trey Burke,PG,27,DAL,8,1,23.9,4.4,10.3,.427,2.0,4.6,.432,2.4,5.6,.422,.524,1.3,1.4,.909,0.1,1.8,1.9,3.8,1.1,0.1,1.1,1.5,12.0
Bruno Caboclo,C,24,TOT,30,0,8.1,1.3,3.0,.427,0.2,1.1,.182,1.1,1.9,.571,.461,0.3,0.3,.889,0.8,1.2,2.0,0.4,0.5,0.6,0.4,1.0,3.0
Devontae Cacok,C,23,LAL,1,0,9.0,3.0,6.0,.500,0.0,0.0,0,3.0,6.0,.500,.500,0.0,0.0,0,2.0,3.0,5.0,1.0,0.0,0.0,0.0,0.0,6.0
Kentavious Caldwell-Pope,SG,26,LAL,69,26,25.5,3.4,7.3,.467,1.3,3.5,.385,2.1,3.9,.541,.558,1.1,1.5,.775,0.6,1.5,2.1,1.6,0.8,0.2,0.9,1.9,9.3
Jevon Carter,PG,24,PHO,58,2,16.3,1.7,4.2,.416,1.1,2.5,.425,0.7,1.7,.402,.543,0.4,0.5,.852,0.5,1.5,2.0,1.4,0.8,0.3,0.6,1.5,4.9
Wendell Carter Jr.,C,20,CHI,43,43,29.2,4.3,8.0,.534,0.1,0.7,.207,4.1,7.3,.564,.542,2.6,3.5,.737,3.2,6.2,9.4,1.2,0.8,0.8,1.7,3.8,11.3
Michael Carter-Williams,SG,28,ORL,45,0,18.5,2.5,5.8,.427,0.5,1.7,.293,2.0,4.1,.481,.469,1.8,2.1,.832,1.0,2.2,3.3,2.4,1.1,0.5,1.2,1.9,7.2
Alex Caruso,PG,25,LAL,64,2,18.4,1.9,4.5,.412,0.6,1.9,.333,1.3,2.7,.468,.481,1.1,1.5,.734,0.3,1.7,1.9,1.9,1.1,0.3,0.8,1.5,5.5
Willie Cauley-Stein,C,26,TOT,54,39,20.3,3.2,5.6,.579,0.0,0.0,.000,3.2,5.6,.581,.579,0.7,1.2,.606,1.6,4.3,5.8,1.3,0.9,1.1,0.7,2.2,7.2
Willie Cauley-Stein,C,26,GSW,41,37,22.9,3.5,6.3,.560,0.0,0.0,0,3.5,6.3,.560,.560,0.9,1.4,.614,1.7,4.5,6.2,1.5,1.1,1.2,0.9,2.5,7.9
Willie Cauley-Stein,C,26,DAL,13,2,12.1,2.4,3.5,.689,0.0,0.1,.000,2.4,3.4,.705,.689,0.4,0.7,.556,1.0,3.6,4.6,0.8,0.3,0.8,0.4,1.5,5.2
Joe Chealey,PG,24,CHO,4,0,8.3,0.0,1.8,.000,0.0,1.0,.000,0.0,0.8,.000,.000,0.5,0.5,1.000,0.0,0.0,0.0,0.3,1.0,0.0,0.5,0.5,0.5
Chris Chiozza,PG,24,TOT,28,2,14.3,2.0,5.0,.393,1.0,2.6,.375,1.0,2.4,.412,.489,0.2,0.2,1.000,0.3,1.6,1.9,3.0,0.8,0.1,1.1,1.3,5.1
Chris Chiozza,PG,24,WAS,10,0,12.3,1.0,3.4,.294,0.7,1.6,.438,0.3,1.8,.167,.397,0.0,0.0,0,0.0,1.5,1.5,2.8,1.0,0.2,0.9,1.2,2.7
Chris Chiozza,PG,24,BRK,18,2,15.4,2.5,5.9,.425,1.1,3.1,.357,1.4,2.8,.500,.519,0.3,0.3,1.000,0.5,1.6,2.1,3.1,0.6,0.1,1.3,1.4,6.4
Jordan Clarkson,SG,27,TOT,71,2,24.0,5.5,12.2,.454,2.1,5.8,.368,3.4,6.4,.533,.542,1.9,2.3,.836,0.7,1.9,2.6,1.9,0.6,0.2,1.4,1.5,15.2
Jordan Clarkson,SG,27,CLE,29,0,23.0,5.0,11.2,.442,2.0,5.5,.371,2.9,5.8,.509,.532,2.6,3.0,.884,0.7,1.7,2.4,2.4,0.6,0.3,1.3,1.1,14.6
Jordan Clarkson,SG,27,UTA,42,2,24.7,6.0,12.9,.462,2.2,6.0,.366,3.7,6.8,.547,.548,1.5,1.9,.785,0.7,2.1,2.8,1.6,0.7,0.2,1.4,1.8,15.6
Nic Claxton,C,20,BRK,15,0,12.5,1.8,3.2,.563,0.1,0.5,.143,1.7,2.7,.634,.573,0.7,1.4,.524,1.3,1.7,2.9,1.1,0.1,0.5,0.6,0.9,4.4
Antonius Cleveland,SG,25,DAL,11,0,4.2,0.4,1.3,.286,0.0,0.3,.000,0.4,1.0,.364,.286,0.3,0.5,.600,0.2,0.5,0.6,0.1,0.1,0.3,0.2,0.7,1.0
Amir Coffey,SG,22,LAC,18,1,8.8,1.3,3.0,.426,0.3,1.1,.316,0.9,1.9,.486,.481,0.3,0.6,.545,0.2,0.7,0.9,0.8,0.3,0.1,0.4,1.1,3.2
Mike Conley,PG,32,UTA,47,41,29.0,4.9,12.1,.409,2.0,5.4,.375,2.9,6.6,.437,.494,2.4,3.0,.827,0.7,2.5,3.2,4.4,0.8,0.1,2.0,2.2,14.4
Quinn Cook,PG,26,LAL,44,1,11.5,2.1,4.9,.425,0.7,1.9,.365,1.4,2.9,.465,.498,0.3,0.3,.786,0.3,0.9,1.2,1.1,0.3,0.0,0.8,0.6,5.1
Allen Crabbe,SG,27,ATL,28,1,18.6,1.9,5.1,.364,1.1,3.3,.323,0.8,1.8,.440,.469,0.3,0.4,.750,0.4,2.0,2.3,1.0,0.5,0.1,0.4,1.3,5.1
Jamal Crawford,SG,39,BRK,1,0,6.0,2.0,4.0,.500,1.0,2.0,.500,1.0,2.0,.500,.625,0.0,0.0,0,0.0,0.0,0.0,3.0,0.0,0.0,0.0,1.0,5.0
Seth Curry,SG,29,DAL,64,25,24.6,4.4,9.0,.495,2.3,5.0,.452,2.2,4.0,.549,.621,1.3,1.5,.825,0.4,1.8,2.3,1.9,0.6,0.1,1.0,1.8,12.4
Stephen Curry,PG,31,GSW,5,5,27.8,6.6,16.4,.402,2.4,9.8,.245,4.2,6.6,.636,.476,5.2,5.2,1.000,0.8,4.4,5.2,6.6,1.0,0.4,3.2,2.2,20.8
Troy Daniels,SG,28,TOT,47,0,11.3,1.5,4.0,.387,1.0,2.8,.348,0.6,1.1,.481,.511,0.2,0.3,.625,0.3,0.9,1.1,0.4,0.2,0.1,0.3,0.8,4.3
Troy Daniels,SG,28,LAL,41,0,11.1,1.5,3.9,.392,1.0,2.7,.357,0.5,1.1,.478,.519,0.2,0.4,.625,0.3,0.8,1.1,0.3,0.2,0.1,0.2,0.7,4.2
Troy Daniels,SG,28,DEN,6,0,12.7,1.7,4.7,.357,1.0,3.3,.300,0.7,1.3,.500,.464,0.0,0.0,0,0.0,1.0,1.0,0.5,0.5,0.0,0.5,1.2,4.3
Ed Davis,C,30,UTA,28,1,10.8,0.8,1.6,.478,0.0,0.0,0,0.8,1.6,.478,.478,0.3,0.5,.500,1.3,2.5,3.8,0.4,0.4,0.3,0.5,2.2,1.8
Terence Davis,SG,22,TOR,72,4,16.8,2.8,6.1,.456,1.3,3.4,.388,1.5,2.7,.541,.564,0.7,0.8,.864,0.7,2.6,3.3,1.6,0.5,0.2,1.1,1.7,7.5
Dewayne Dedmon,C,30,TOT,44,18,17.6,2.3,5.8,.400,0.5,2.4,.206,1.8,3.4,.541,.443,0.7,0.8,.833,1.4,4.3,5.7,0.5,0.6,0.9,1.3,3.0,5.8
Dewayne Dedmon,C,30,SAC,34,10,15.9,2.0,5.0,.404,0.4,2.1,.197,1.6,2.9,.550,.444,0.7,0.8,.821,1.4,3.6,4.9,0.4,0.4,0.8,1.4,2.7,5.1
Dewayne Dedmon,C,30,ATL,10,8,23.3,3.3,8.4,.393,0.8,3.6,.222,2.5,4.8,.521,.440,0.7,0.8,.875,1.4,6.8,8.2,0.7,1.0,1.5,1.0,4.0,8.1
Matthew Dellavedova,PG,29,CLE,57,4,14.4,1.1,3.1,.354,0.4,1.6,.231,0.7,1.5,.488,.414,0.6,0.6,.865,0.3,1.0,1.3,3.2,0.4,0.0,1.0,1.4,3.1
Cheick Diallo,C,23,PHO,47,2,10.2,2.0,3.0,.648,0.0,0.1,.333,1.9,3.0,.655,.651,0.7,0.8,.872,0.6,2.1,2.8,0.5,0.2,0.3,0.7,1.2,4.7
Gorgui Dieng,C,30,TOT,63,17,17.4,2.6,5.8,.456,0.9,2.4,.355,1.8,3.4,.528,.530,1.2,1.6,.772,1.4,4.2,5.6,1.2,0.8,0.9,1.0,2.0,7.4
Spencer Dinwiddie,PG,26,BRK,64,49,31.2,6.6,16.0,.415,1.9,6.3,.308,4.7,9.7,.485,.476,5.4,7.0,.778,0.5,3.0,3.5,6.8,0.6,0.3,2.7,2.8,20.6
Luka Dončić,PG,20,DAL,61,61,33.6,9.5,20.6,.463,2.8,8.9,.316,6.7,11.7,.574,.531,7.0,9.2,.758,1.3,8.1,9.4,8.8,1.0,0.2,4.3,2.5,28.8
Damyean Dotson,SG,25,NYK,48,0,17.4,2.5,6.0,.414,1.2,3.4,.362,1.3,2.6,.480,.516,0.5,0.7,.667,0.2,1.7,1.9,1.2,0.5,0.1,0.4,0.9,6.7
PJ Dozier,SG,23,DEN,29,0,14.2,2.2,5.4,.414,0.6,1.7,.347,1.7,3.7,.444,.468,0.7,1.0,.724,0.3,1.6,1.9,2.2,0.5,0.2,0.9,1.6,5.8
Andre Drummond,C,26,TOT,57,56,33.0,7.3,13.8,.533,0.1,0.6,.143,7.2,13.1,.551,.536,3.0,5.2,.575,4.4,10.8,15.2,2.7,1.9,1.6,3.6,3.5,17.7
Andre Drummond,C,26,DET,49,48,33.8,7.3,13.9,.530,0.0,0.4,.048,7.3,13.4,.546,.531,3.0,5.2,.584,4.6,11.2,15.8,2.8,2.0,1.7,3.6,3.6,17.8
Andre Drummond,C,26,CLE,8,8,28.1,7.3,13.1,.552,0.5,1.8,.286,6.8,11.4,.593,.571,2.5,4.9,.513,3.0,8.1,11.1,1.8,1.5,1.4,3.6,3.1,17.5
Kris Dunn,PG,25,CHI,51,32,24.9,3.0,6.7,.444,0.6,2.2,.259,2.4,4.5,.535,.487,0.8,1.1,.741,0.5,3.2,3.6,3.4,2.0,0.3,1.3,3.1,7.3
Carsen Edwards,SG,21,BOS,37,0,9.5,1.1,3.5,.328,0.6,2.1,.316,0.5,1.4,.346,.422,0.4,0.5,.684,0.2,1.1,1.3,0.6,0.3,0.1,0.4,0.9,3.3
Henry Ellenson,C,23,BRK,5,0,3.0,0.2,1.4,.143,0.0,0.8,.000,0.2,0.6,.333,.143,0.0,0.0,0,0.4,0.8,1.2,0.2,0.0,0.0,0.0,0.2,0.4
Wayne Ellington,SG,32,NYK,36,1,15.5,1.7,4.8,.351,1.4,4.0,.350,0.3,0.9,.355,.494,0.3,0.4,.846,0.1,1.7,1.8,1.2,0.4,0.1,0.5,1.1,5.1
James Ennis III,SG,29,ORL,20,18,24.5,3.0,6.7,.451,0.9,3.2,.286,2.1,3.5,.600,.519,1.6,1.9,.838,1.2,3.6,4.8,1.1,0.6,0.4,1.4,2.6,8.5
Drew Eubanks,C,22,SAS,22,3,12.4,2.0,3.0,.642,0.0,0.0,1.000,1.9,3.0,.636,.649,0.9,1.2,.769,1.3,2.6,3.9,0.7,0.2,0.8,1.0,1.7,4.9
Jacob Evans,SG,22,TOT,29,1,14.4,1.6,4.6,.336,0.4,1.3,.333,1.1,3.3,.337,.384,0.9,1.0,.862,0.3,1.1,1.4,1.1,0.4,0.4,0.9,1.4,4.4
Jacob Evans,SG,22,GSW,27,1,15.3,1.7,4.9,.338,0.5,1.4,.342,1.2,3.5,.337,.387,0.9,1.1,.862,0.3,1.2,1.5,1.1,0.4,0.4,0.9,1.5,4.7
Dante Exum,SG,24,TOT,35,1,13.9,1.6,3.4,.471,0.4,1.2,.349,1.2,2.2,.539,.534,0.9,1.2,.744,0.3,1.6,1.9,1.1,0.4,0.2,0.9,1.1,4.5
Dante Exum,SG,24,UTA,11,0,7.5,0.9,2.1,.435,0.2,0.5,.333,0.7,1.5,.471,.478,0.2,0.2,1.000,0.3,0.8,1.1,0.6,0.1,0.2,0.9,0.7,2.2
Dante Exum,SG,24,CLE,24,1,16.8,1.9,4.0,.479,0.5,1.5,.351,1.4,2.5,.559,.547,1.3,1.7,.732,0.4,1.9,2.3,1.4,0.5,0.3,0.9,1.3,5.6
Tacko Fall,C,24,BOS,7,0,4.7,1.6,2.0,.786,0.0,0.0,0,1.6,2.0,.786,.786,0.1,0.4,.333,0.1,2.0,2.1,0.1,0.1,0.6,0.4,1.0,3.3
Cristiano Felício,C,27,CHI,22,0,17.5,1.5,2.5,.630,0.0,0.1,.000,1.5,2.4,.654,.630,0.8,1.0,.783,2.5,2.1,4.6,0.7,0.5,0.1,0.8,1.5,3.9
Bruno Fernando,C,21,ATL,56,13,12.7,1.8,3.6,.518,0.1,0.7,.135,1.8,2.9,.605,.530,0.5,0.9,.569,1.2,2.3,3.5,0.9,0.3,0.3,0.8,1.9,4.3
Yogi Ferrell,PG,26,SAC,50,0,10.6,1.6,3.8,.420,0.5,1.6,.304,1.1,2.2,.505,.484,0.7,0.8,.857,0.1,0.9,1.0,1.4,0.4,0.1,0.6,0.8,4.4
Bryn Forbes,SG,26,SAS,63,62,25.1,3.8,9.2,.417,2.3,6.0,.388,1.5,3.2,.470,.544,1.2,1.4,.833,0.2,1.8,2.0,1.7,0.5,0.0,0.9,1.8,11.2
De'Aaron Fox,PG,22,SAC,51,49,32.0,7.7,16.0,.480,1.1,3.6,.292,6.6,12.4,.535,.513,4.7,6.7,.705,0.7,3.2,3.8,6.8,1.5,0.5,3.1,2.8,21.1
Melvin Frazier,SG,23,ORL,19,0,6.6,0.8,1.8,.441,0.4,0.8,.500,0.4,0.9,.389,.559,0.1,0.2,.500,0.1,0.4,0.5,0.2,0.5,0.1,0.3,0.6,2.1
Tim Frazier,PG,29,DET,27,11,13.1,1.3,3.5,.362,0.4,1.1,.333,0.9,2.4,.375,.415,0.7,0.9,.792,0.3,0.9,1.2,3.4,0.5,0.1,1.3,1.6,3.6
Enes Freedom,C,27,BOS,58,7,16.9,3.4,6.0,.572,0.0,0.1,.143,3.4,5.9,.581,.573,1.2,1.7,.707,2.8,4.6,7.4,1.0,0.4,0.7,1.0,1.7,8.1
Markelle Fultz,PG,21,ORL,72,60,27.7,5.0,10.7,.465,0.5,1.9,.267,4.5,8.8,.507,.488,1.6,2.2,.730,0.6,2.7,3.3,5.1,1.3,0.2,2.0,2.0,12.1
Daniel Gafford,C,21,CHI,43,7,14.2,2.2,3.1,.701,0.0,0.0,0,2.2,3.1,.701,.701,0.7,1.4,.533,1.2,1.3,2.5,0.5,0.3,1.3,0.7,2.3,5.1
Langston Galloway,SG,28,DET,66,6,25.8,3.6,8.2,.435,2.0,5.0,.399,1.6,3.2,.493,.557,1.1,1.3,.859,0.5,1.8,2.3,1.5,0.7,0.2,0.6,1.5,10.3
Darius Garland,SG,20,CLE,59,59,30.9,4.7,11.8,.401,1.8,5.0,.355,3.0,6.8,.434,.476,1.1,1.2,.875,0.5,1.4,1.9,3.9,0.7,0.1,2.6,1.6,12.3
Marc Gasol,C,35,TOR,44,43,26.4,2.7,6.3,.427,1.3,3.4,.385,1.4,3.0,.473,.529,0.8,1.1,.735,0.7,5.5,6.3,3.3,0.8,0.9,1.3,2.8,7.5
Taj Gibson,C,34,NYK,62,56,16.5,2.7,4.6,.584,0.1,0.2,.286,2.6,4.4,.599,.591,0.7,0.9,.732,1.8,2.5,4.3,0.8,0.4,0.5,0.8,2.0,6.1
Harry Giles,C,21,SAC,46,17,14.5,3.0,5.5,.554,0.0,0.0,.000,3.0,5.4,.558,.554,0.8,1.1,.776,0.9,3.2,4.1,1.3,0.5,0.4,1.0,2.6,6.9
Shai Gilgeous-Alexander,SG,21,OKC,70,70,34.7,6.8,14.5,.471,1.2,3.6,.347,5.6,10.9,.512,.514,4.1,5.1,.807,0.7,5.2,5.9,3.3,1.1,0.7,1.9,1.7,19.0
Rudy Gobert,C,27,UTA,68,68,34.3,5.7,8.2,.693,0.0,0.0,0,5.7,8.2,.693,.693,3.7,5.9,.630,3.4,10.1,13.5,1.5,0.8,2.0,1.9,3.2,15.1
Brandon Goodwin,PG,24,ATL,34,1,12.6,2.2,5.6,.400,0.8,2.6,.299,1.5,3.0,.485,.468,0.8,0.9,.933,0.3,1.8,2.1,1.5,0.4,0.1,0.9,1.3,6.1
Devonte' Graham,PG,24,CHO,63,53,35.1,5.8,15.3,.382,3.5,9.3,.373,2.4,6.0,.397,.495,3.0,3.7,.820,0.7,2.7,3.4,7.5,1.0,0.2,2.9,1.8,18.2
Jerian Grant,SG,27,WAS,6,0,13.3,1.7,4.5,.370,0.3,1.3,.250,1.3,3.2,.421,.407,0.8,1.2,.714,0.3,0.7,1.0,1.5,0.2,0.2,0.5,1.8,4.5
Danny Green,SG,32,LAL,68,68,24.8,2.9,7.0,.416,1.8,4.8,.367,1.1,2.2,.524,.542,0.5,0.7,.688,0.8,2.6,3.3,1.3,1.3,0.5,0.9,2.0,8.0
Javonte Green,SG,26,BOS,48,2,9.8,1.3,2.6,.500,0.2,0.7,.273,1.1,1.9,.581,.536,0.6,0.9,.667,0.5,1.4,1.9,0.5,0.5,0.2,0.5,0.9,3.4
Kyle Guy,SG,22,SAC,3,0,3.3,0.7,1.7,.400,0.0,1.0,.000,0.7,0.7,1.000,.400,0.0,0.0,0,0.0,0.3,0.3,0.3,0.0,0.0,0.0,0.3,1.3
Devon Hall,PG,24,OKC,11,0,7.4,0.5,2.7,.200,0.4,1.5,.235,0.2,1.2,.154,.267,0.4,0.7,.500,0.2,0.5,0.6,1.2,0.4,0.1,0.5,0.5,1.8
Donta Hall,C,22,BRK,5,0,17.0,2.8,3.6,.778,0.0,0.0,0,2.8,3.6,.778,.778,1.0,2.4,.417,1.6,3.0,4.6,0.4,0.4,1.0,0.6,2.8,6.6
Tim Hardaway Jr.,SG,27,DAL,71,58,29.5,5.4,12.5,.434,2.9,7.2,.398,2.5,5.2,.485,.550,2.1,2.6,.819,0.4,2.9,3.3,1.9,0.6,0.1,1.0,1.8,15.8
Jared Harper,PG,22,PHO,3,0,2.7,0.3,1.3,.250,0.0,0.7,.000,0.3,0.7,.500,.250,0.0,0.0,0,0.0,0.0,0.0,0.0,0.0,0.0,0.0,0.0,0.7
Montrezl Harrell,C,26,LAC,63,2,27.8,7.5,12.9,.580,0.0,0.3,.000,7.5,12.6,.593,.580,3.7,5.6,.658,2.6,4.5,7.1,1.7,0.6,1.1,1.7,2.3,18.6
Gary Harris,SG,25,DEN,56,55,31.8,3.9,9.3,.420,1.3,3.8,.333,2.6,5.5,.479,.487,1.3,1.6,.815,0.5,2.4,2.9,2.1,1.4,0.3,1.1,2.1,10.4
Shaquille Harrison,SG,26,CHI,43,10,11.3,1.8,3.8,.467,0.4,1.0,.381,1.4,2.9,.496,.515,0.9,1.2,.780,0.5,1.5,2.0,1.1,0.8,0.4,0.4,1.3,4.9
John Henson,C,29,TOT,40,8,15.0,2.4,4.3,.556,0.2,0.9,.222,2.2,3.4,.644,.579,0.6,1.2,.500,1.2,2.9,4.1,1.4,0.6,1.1,0.9,2.0,5.5
John Henson,C,29,CLE,29,2,14.2,2.1,4.1,.508,0.2,1.1,.194,1.9,3.1,.618,.533,0.6,1.1,.515,1.1,2.8,3.9,1.5,0.6,1.1,0.7,1.9,5.0
John Henson,C,29,DET,11,6,17.1,3.1,4.6,.667,0.2,0.5,.400,2.9,4.2,.696,.686,0.5,1.2,.462,1.3,3.1,4.4,1.0,0.7,0.9,1.4,2.1,6.9
Dewan Hernandez,C,23,TOR,6,0,4.7,0.8,2.3,.357,0.2,0.3,.500,0.7,2.0,.333,.393,0.5,0.8,.600,0.8,1.5,2.3,0.5,0.2,0.0,0.5,1.0,2.3
Willy Hernangómez,C,25,CHO,31,0,12.1,2.4,4.5,.532,0.2,0.7,.227,2.2,3.8,.590,.550,1.2,1.9,.627,1.4,2.9,4.3,0.9,0.3,0.2,1.0,1.0,6.1
Buddy Hield,SG,27,SAC,72,44,30.8,6.9,16.1,.429,3.8,9.6,.394,3.2,6.6,.479,.545,1.6,1.9,.846,0.8,3.8,4.6,3.0,0.9,0.2,2.3,2.3,19.2
Richaun Holmes,C,26,SAC,44,38,28.2,5.1,7.8,.648,0.0,0.0,0,5.1,7.8,.648,.648,2.1,2.7,.788,2.9,5.3,8.1,1.0,0.9,1.3,1.2,3.8,12.3
Talen Horton-Tucker,SG,19,LAL,6,1,13.5,2.3,5.0,.467,0.7,2.2,.308,1.7,2.8,.588,.533,0.3,0.7,.500,0.3,0.8,1.2,1.0,1.3,0.2,1.0,1.7,5.7
Dwight Howard,C,34,LAL,69,2,18.9,2.9,4.0,.729,0.0,0.1,.600,2.9,3.9,.732,.735,1.6,3.1,.514,2.5,4.9,7.3,0.7,0.4,1.1,1.2,3.2,7.5
Kevin Huerter,SG,21,ATL,56,48,31.4,4.5,10.9,.413,2.3,6.0,.380,2.2,4.9,.453,.517,0.9,1.1,.828,0.6,3.4,4.1,3.8,0.9,0.5,1.6,2.5,12.2
Serge Ibaka,C,30,TOR,55,27,27.0,6.2,12.2,.512,1.3,3.3,.385,5.0,8.9,.559,.564,1.6,2.3,.718,2.1,6.1,8.2,1.4,0.5,0.8,2.0,2.8,15.4
Kyrie Irving,PG,27,BRK,20,20,32.9,10.0,20.8,.478,2.8,7.1,.394,7.2,13.7,.522,.546,4.7,5.1,.922,1.1,4.1,5.2,6.4,1.4,0.5,2.6,2.7,27.4
Reggie Jackson,PG,29,TOT,31,16,24.0,4.3,10.5,.411,1.8,4.7,.393,2.5,5.8,.425,.498,1.5,1.7,.833,0.5,2.4,3.0,4.1,0.4,0.2,1.6,1.9,11.9
Reggie Jackson,PG,29,DET,14,10,27.2,5.4,14.1,.384,2.2,5.9,.378,3.2,8.3,.388,.462,1.9,2.4,.788,0.8,2.1,2.9,5.1,0.6,0.1,1.6,1.5,14.9
Reggie Jackson,PG,29,LAC,17,6,21.3,3.4,7.5,.453,1.5,3.7,.413,1.9,3.8,.492,.555,1.1,1.2,.905,0.4,2.6,3.0,3.2,0.3,0.2,1.6,2.2,9.5
LeBron James,PG,35,LAL,67,67,34.6,9.6,19.4,.493,2.2,6.3,.348,7.4,13.1,.564,.550,3.9,5.7,.693,1.0,6.9,7.8,10.2,1.2,0.5,3.9,1.8,25.3
DaQuan Jeffries,SG,22,SAC,13,0,10.8,1.5,3.1,.500,0.4,1.4,.278,1.2,1.7,.682,.563,0.4,0.5,.833,0.2,1.2,1.4,0.5,0.3,0.1,0.2,1.5,3.8
Ty Jerome,SG,22,PHO,31,0,10.6,1.2,3.6,.336,0.5,1.6,.280,0.8,2.0,.381,.398,0.4,0.5,.750,0.2,1.3,1.5,1.4,0.5,0.1,0.6,0.9,3.3
Tyler Johnson,PG,27,PHO,31,3,16.6,2.1,5.5,.380,0.8,2.7,.289,1.3,2.8,.466,.450,0.8,1.0,.750,0.3,1.4,1.7,1.6,0.4,0.3,0.8,1.4,5.7
Tyler Johnson,SG,27,BRK,8,4,24.3,4.0,9.9,.405,1.8,4.5,.389,2.3,5.4,.419,.494,2.3,2.3,1.000,1.0,2.0,3.0,3.0,0.5,0.1,0.6,1.9,12.0
Nikola Jokić,C,24,DEN,73,73,32.0,7.7,14.7,.528,1.1,3.5,.314,6.6,11.2,.594,.565,3.4,4.1,.817,2.3,7.5,9.7,7.0,1.2,0.6,3.1,3.0,19.9
Damian Jones,C,24,ATL,55,27,16.1,2.2,3.2,.680,0.0,0.2,.222,2.2,3.1,.704,.685,1.1,1.5,.738,1.3,2.4,3.7,0.6,0.5,0.7,0.5,2.7,5.6
DeAndre Jordan,C,31,BRK,56,6,22.0,3.4,5.1,.666,0.0,0.0,0,3.4,5.1,.666,.666,1.5,2.2,.680,2.5,7.5,10.0,1.9,0.3,0.9,1.3,2.0,8.3
Cory Joseph,PG,28,SAC,72,26,24.4,2.4,5.7,.415,0.8,2.2,.352,1.6,3.5,.455,.483,0.8,1.0,.857,0.6,2.0,2.6,3.5,0.7,0.3,1.1,1.8,6.4
Mfiondu Kabengele,C,22,LAC,12,0,5.3,1.2,2.7,.438,0.8,1.7,.450,0.4,1.0,.417,.578,0.4,0.4,1.000,0.1,0.8,0.9,0.2,0.2,0.2,0.2,0.8,3.5
Frank Kaminsky,C,26,PHO,39,13,19.9,3.5,7.9,.450,1.1,3.2,.331,2.5,4.7,.530,.516,1.6,2.3,.678,0.9,3.6,4.5,1.9,0.4,0.3,0.9,1.9,9.7
Luke Kennard,SG,23,DET,28,25,32.9,5.4,12.2,.442,2.6,6.5,.399,2.8,5.7,.491,.548,2.4,2.7,.893,0.3,3.2,3.5,4.1,0.4,0.2,1.5,2.3,15.8
Stanton Kidd,SG,27,UTA,4,0,3.8,0.0,0.8,.000,0.0,0.3,.000,0.0,0.5,.000,.000,0.0,0.0,0,0.0,0.8,0.8,0.3,0.0,0.0,0.5,0.8,0.0
Brandon Knight,SG,28,CLE,16,0,15.1,1.8,5.4,.326,1.2,4.0,.297,0.6,1.4,.409,.436,0.3,0.8,.308,0.2,1.1,1.3,1.9,0.3,0.1,1.0,1.3,4.9
Brandon Knight,PG,28,DET,9,3,24.6,3.4,9.0,.383,2.9,7.4,.388,0.6,1.6,.357,.543,1.8,2.3,.762,0.1,2.2,2.3,4.2,0.6,0.1,2.4,2.2,11.6
Luke Kornet,C,24,CHI,36,14,15.5,2.3,5.2,.439,0.9,3.0,.287,1.4,2.2,.646,.521,0.6,0.8,.714,0.6,1.7,2.3,0.9,0.3,0.7,0.4,1.5,6.0
Skal Labissière,C,23,POR,33,1,17.2,2.5,4.5,.551,0.1,0.4,.231,2.4,4.1,.582,.561,0.8,1.0,.758,2.0,3.2,5.1,1.3,0.2,0.9,0.9,2.7,5.8
Romeo Langford,SG,20,BOS,32,2,11.6,0.9,2.5,.350,0.2,0.8,.185,0.7,1.7,.434,.381,0.6,0.8,.720,0.5,0.8,1.3,0.4,0.3,0.3,0.3,1.0,2.5
Jalen Lecque,SG,19,PHO,5,0,6.4,0.8,2.0,.400,0.0,0.8,.000,0.8,1.2,.667,.400,0.4,0.4,1.000,0.0,0.4,0.4,0.4,0.0,0.0,0.4,0.6,2.0
Courtney Lee,SG,34,DAL,24,9,14.4,1.7,3.4,.488,0.9,2.0,.447,0.8,1.5,.543,.616,0.3,0.3,.857,0.3,1.0,1.3,0.5,0.8,0.3,0.5,1.4,4.5
Damion Lee,SG,27,GSW,49,36,29.0,4.3,10.4,.417,1.7,4.9,.356,2.6,5.6,.471,.500,2.2,2.6,.873,0.7,4.2,4.9,2.7,1.0,0.1,1.4,2.4,12.7
Alex Len,C,26,TOT,55,12,17.6,3.2,5.8,.555,0.3,1.1,.271,2.9,4.7,.619,.580,1.2,1.9,.648,1.8,4.0,5.8,0.9,0.4,0.9,1.0,2.3,8.0
Alex Len,C,26,ATL,40,9,18.6,3.6,6.5,.546,0.4,1.4,.250,3.2,5.1,.627,.573,1.3,2.0,.630,1.7,4.0,5.8,1.1,0.5,0.8,1.0,2.3,8.7
Alex Len,C,26,SAC,15,3,15.0,2.3,3.9,.593,0.1,0.2,.667,2.2,3.7,.589,.610,1.1,1.6,.708,2.1,4.0,6.1,0.5,0.2,1.0,1.1,2.3,5.9
Caris LeVert,SG,25,BRK,45,31,29.6,6.9,16.3,.425,1.8,4.9,.364,5.1,11.4,.451,.480,3.1,4.4,.711,1.1,3.1,4.2,4.4,1.2,0.2,2.6,1.8,18.7
Damian Lillard,PG,29,POR,66,66,37.5,9.5,20.4,.463,4.1,10.2,.401,5.4,10.2,.524,.563,7.0,7.8,.888,0.5,3.8,4.3,8.0,1.1,0.3,2.9,1.7,30.0
Kevon Looney,C,23,GSW,20,4,13.1,1.5,4.0,.367,0.1,0.7,.071,1.4,3.3,.431,.373,0.5,0.6,.750,1.4,1.9,3.3,1.0,0.6,0.3,0.6,1.7,3.4
Kyle Lowry,PG,33,TOR,58,58,36.2,5.8,13.8,.416,2.8,8.0,.352,2.9,5.8,.504,.518,5.1,5.9,.857,0.6,4.5,5.0,7.5,1.4,0.4,3.1,3.3,19.4
J.P. Macura,SG,24,CLE,1,0,1.0,0.0,0.0,0,0.0,0.0,0,0.0,0.0,0,0,0.0,0.0,0,0.0,0.0,0.0,0.0,0.0,0.0,0.0,0.0,0.0
Josh Magette,PG,30,ORL,8,0,4.8,0.6,1.9,.333,0.1,0.5,.250,0.5,1.4,.364,.367,0.1,0.3,.500,0.1,0.6,0.8,0.6,0.4,0.1,0.6,0.5,1.5
Ian Mahinmi,C,33,WAS,38,35,21.3,2.7,5.5,.495,0.1,0.7,.192,2.6,4.8,.538,.507,1.8,3.0,.619,2.1,3.7,5.7,1.3,0.8,1.2,1.2,3.0,7.4
Thon Maker,C,22,DET,60,14,12.9,1.6,3.2,.482,0.4,1.1,.344,1.2,2.2,.550,.539,1.2,1.8,.664,0.9,1.9,2.8,0.7,0.4,0.7,0.8,1.7,4.7
Boban Marjanović,C,31,DAL,44,5,9.6,2.8,4.8,.573,0.1,0.4,.235,2.7,4.4,.603,.583,1.0,1.3,.754,1.5,3.0,4.5,0.5,0.2,0.2,0.7,1.3,6.6
Jeremiah Martin,PG,23,BRK,9,0,11.0,2.7,5.9,.453,0.6,2.0,.278,2.1,3.9,.543,.500,1.2,1.6,.786,0.1,1.0,1.1,2.0,0.8,0.2,0.4,0.8,7.1
Garrison Mathews,SG,23,WAS,18,0,12.6,1.3,3.1,.429,1.1,2.6,.413,0.3,0.6,.500,.598,1.7,1.9,.912,0.3,1.0,1.3,0.6,0.4,0.1,0.4,1.8,5.4
CJ McCollum,SG,28,POR,70,70,36.5,8.7,19.4,.451,2.8,7.3,.379,6.0,12.1,.494,.522,2.0,2.6,.757,0.7,3.6,4.2,4.4,0.8,0.6,1.8,2.6,22.2
JaVale McGee,C,32,LAL,68,68,16.6,2.9,4.5,.637,0.0,0.1,.500,2.8,4.4,.640,.642,0.8,1.2,.646,1.8,3.9,5.7,0.5,0.5,1.4,0.8,2.3,6.6
Rodney McGruder,SG,28,LAC,56,4,15.6,1.3,3.2,.398,0.4,1.6,.270,0.9,1.6,.522,.464,0.3,0.6,.559,0.5,2.2,2.7,0.6,0.5,0.1,0.4,1.3,3.3
Jordan McRae,SG,28,TOT,37,4,21.2,4.0,9.9,.407,1.2,3.4,.357,2.8,6.5,.433,.469,2.2,2.9,.761,0.5,2.9,3.4,2.5,0.6,0.4,1.2,2.0,11.5
Jordan McRae,SG,28,WAS,29,4,22.6,4.6,10.9,.420,1.4,3.7,.377,3.2,7.3,.441,.483,2.2,2.9,.771,0.6,3.0,3.6,2.8,0.7,0.5,1.3,2.1,12.8
Jordan McRae,SG,28,DEN,4,0,8.0,0.5,1.5,.333,0.5,1.0,.500,0.0,0.5,.000,.500,0.8,1.0,.750,0.3,1.0,1.3,1.0,0.5,0.3,0.0,0.5,2.3
Jordan McRae,SG,28,DET,4,0,24.5,3.5,10.8,.326,0.8,4.0,.188,2.8,6.8,.407,.360,4.0,5.5,.727,0.0,3.8,3.8,1.8,0.0,0.0,1.3,2.5,11.8
Chimezie Metu,C,22,SAS,18,0,5.8,1.3,2.3,.571,0.0,0.1,.000,1.3,2.2,.600,.571,0.6,0.7,.769,0.7,1.2,1.8,0.6,0.2,0.3,0.6,0.4,3.2
Eric Mika,C,25,SAC,1,0,19.0,2.0,3.0,.667,0.0,0.0,0,2.0,3.0,.667,.667,2.0,2.0,1.000,2.0,5.0,7.0,0.0,0.0,0.0,0.0,5.0,6.0
Patty Mills,PG,31,SAS,66,1,22.5,3.9,9.1,.431,2.3,6.1,.382,1.6,3.0,.533,.560,1.5,1.7,.866,0.3,1.3,1.6,1.8,0.8,0.1,0.8,1.6,11.6
Donovan Mitchell,SG,23,UTA,69,69,34.3,8.7,19.4,.449,2.5,6.9,.366,6.2,12.6,.494,.513,4.0,4.7,.863,0.8,3.6,4.4,4.3,1.0,0.2,2.7,2.5,24.0
Malik Monk,SG,21,CHO,55,1,21.3,3.9,8.9,.434,1.1,3.7,.284,2.8,5.2,.542,.494,1.5,1.8,.820,0.5,2.4,2.9,2.1,0.5,0.3,1.4,1.3,10.3
Matt Mooney,SG,23,CLE,4,0,4.8,0.3,1.0,.250,0.0,0.5,.000,0.3,0.5,.500,.250,0.0,0.0,0,0.0,0.8,0.8,0.3,0.5,0.3,0.0,0.3,0.5
Monte Morris,PG,24,DEN,73,12,22.4,3.6,7.8,.459,0.9,2.4,.378,2.7,5.4,.495,.517,1.0,1.2,.843,0.3,1.5,1.9,3.5,0.8,0.2,0.7,1.0,9.0
Emmanuel Mudiay,PG,23,UTA,54,2,15.7,2.8,6.1,.462,0.6,1.6,.345,2.2,4.4,.504,.508,1.2,1.5,.759,0.3,2.0,2.3,2.1,0.4,0.2,1.4,1.3,7.3
Dejounte Murray,PG,23,SAS,66,58,25.6,4.5,9.7,.462,0.6,1.7,.369,3.8,8.0,.481,.494,1.4,1.7,.798,1.0,4.8,5.8,4.1,1.7,0.3,1.9,2.2,10.9
Jamal Murray,PG,22,DEN,59,59,32.3,6.9,15.2,.456,1.9,5.5,.346,5.0,9.7,.519,.519,2.8,3.1,.881,0.8,3.2,4.0,4.8,1.1,0.3,2.2,1.7,18.5
Mike Muscala,C,28,OKC,47,2,12.2,1.6,4.0,.407,1.1,3.0,.378,0.5,1.0,.500,.550,0.4,0.5,.818,0.3,2.0,2.3,0.9,0.2,0.3,0.4,1.2,4.8
Shabazz Napier,PG,28,TOT,56,32,24.0,3.4,8.1,.412,1.4,4.3,.317,2.0,3.9,.519,.496,2.3,2.7,.824,0.5,2.4,2.8,4.7,1.2,0.2,2.3,1.8,10.3
Shabazz Napier,PG,28,WAS,20,10,24.4,3.7,8.7,.428,1.5,4.1,.358,2.3,4.6,.489,.512,2.7,3.3,.831,0.5,2.0,2.4,3.8,1.5,0.2,2.6,2.0,11.6
Malik Newman,SG,22,CLE,1,0,4.0,0.0,2.0,.000,0.0,1.0,.000,0.0,1.0,.000,.000,2.0,2.0,1.000,0.0,0.0,0.0,0.0,0.0,0.0,1.0,0.0,2.0
Joakim Noah,C,34,LAC,5,0,10.0,0.8,1.6,.500,0.0,0.0,0,0.8,1.6,.500,.500,1.2,1.6,.750,1.0,2.2,3.2,1.4,0.2,0.2,1.2,1.8,2.8
Nerlens Noel,C,25,OKC,61,7,18.5,3.0,4.4,.684,0.0,0.0,.333,3.0,4.4,.688,.686,1.3,1.7,.755,1.5,3.4,4.9,0.9,1.0,1.5,1.1,2.7,7.4
Zach Norvell,SG,22,TOT,5,0,8.2,0.6,2.4,.250,0.6,1.6,.375,0.0,0.8,.000,.375,0.2,0.2,1.000,0.0,1.2,1.2,0.6,0.4,0.0,0.6,0.8,2.0
Zach Norvell,SG,22,LAL,2,0,2.5,0.0,0.5,.000,0.0,0.0,0,0.0,0.5,.000,.000,0.0,0.0,0,0.0,0.5,0.5,0.0,0.0,0.0,0.0,0.0,0.0
Zach Norvell,SG,22,GSW,3,0,12.0,1.0,3.7,.273,1.0,2.7,.375,0.0,1.0,.000,.409,0.3,0.3,1.000,0.0,1.7,1.7,1.0,0.7,0.0,1.0,1.3,3.3
Frank Ntilikina,PG,21,NYK,57,26,20.8,2.3,5.8,.393,0.8,2.4,.321,1.5,3.4,.444,.459,0.9,1.0,.864,0.4,1.7,2.1,3.0,0.9,0.3,1.2,2.5,6.3
Jusuf Nurkić,C,25,POR,8,8,31.6,6.8,13.6,.495,0.3,1.3,.200,6.5,12.4,.525,.505,3.9,4.4,.886,2.9,7.4,10.3,4.0,1.4,2.0,2.4,4.9,17.6
Elie Okobo,PG,22,PHO,55,3,13.1,1.3,3.3,.398,0.5,1.3,.352,0.9,2.0,.427,.467,0.9,1.3,.704,0.3,1.3,1.6,2.1,0.4,0.1,0.7,1.0,4.0
Jeremy Pargo,PG,33,GSW,3,0,14.7,3.7,7.3,.500,1.0,2.3,.429,2.7,5.0,.533,.568,0.0,0.3,.000,0.3,0.7,1.0,2.7,0.3,0.0,1.3,2.7,8.3
Anžejs Pasečņiks,C,24,WAS,27,0,16.2,2.3,4.3,.526,0.0,0.1,.000,2.3,4.2,.540,.526,1.3,2.1,.586,1.6,2.4,4.0,0.7,0.3,0.4,0.9,2.8,5.8
Justin Patton,C,22,OKC,5,0,4.8,0.8,2.0,.400,0.2,0.8,.250,0.6,1.2,.500,.450,0.0,0.0,0,0.2,0.8,1.0,0.4,0.0,0.0,0.4,0.8,1.8
Chris Paul,PG,34,OKC,70,70,31.5,6.2,12.7,.489,1.6,4.3,.365,4.6,8.3,.554,.552,3.6,4.0,.907,0.4,4.6,5.0,6.7,1.6,0.2,2.3,2.3,17.6
Cameron Payne,SG,25,PHO,8,0,22.9,4.1,8.5,.485,1.9,3.6,.517,2.3,4.9,.462,.596,0.8,0.9,.857,0.5,3.4,3.9,3.0,1.0,0.3,1.4,2.5,10.9
Elfrid Payton,PG,25,NYK,45,36,27.7,4.3,9.8,.439,0.3,1.5,.203,4.0,8.2,.482,.455,1.1,1.9,.570,1.2,3.6,4.7,7.2,1.6,0.4,2.1,2.0,10.0
Theo Pinson,SG,24,BRK,33,0,11.1,1.4,4.7,.290,0.5,2.4,.188,0.9,2.3,.400,.339,0.5,0.5,.938,0.3,1.3,1.6,1.7,0.5,0.1,1.0,1.1,3.6
Mason Plumlee,C,29,DEN,61,1,17.3,2.9,4.7,.615,0.0,0.1,.000,2.9,4.6,.625,.615,1.4,2.5,.535,1.6,3.6,5.2,2.5,0.5,0.6,1.3,2.3,7.2
Jakob Poeltl,C,24,SAS,66,18,17.7,2.5,4.0,.624,0.0,0.0,0,2.5,4.0,.624,.624,0.6,1.3,.465,2.0,3.7,5.7,1.8,0.6,1.4,0.8,1.9,5.6
Vincent Poirier,C,26,BOS,22,0,5.9,0.8,1.6,.472,0.0,0.1,.500,0.7,1.5,.471,.486,0.3,0.3,.857,0.6,1.4,2.0,0.4,0.1,0.4,0.4,1.1,1.9
Shamorie Ponds,PG,21,TOR,4,0,2.8,0.8,1.3,.600,0.3,0.5,.500,0.5,0.8,.667,.700,0.5,0.5,1.000,0.0,0.3,0.3,0.5,0.0,0.3,0.0,0.5,2.3
Jordan Poole,SG,20,GSW,57,14,22.4,2.9,8.8,.333,1.3,4.6,.279,1.6,4.2,.392,.406,1.7,2.1,.798,0.2,1.9,2.1,2.4,0.6,0.2,1.3,1.6,8.8
Kristaps Porziņģis,C,24,DAL,57,57,31.8,7.0,16.4,.427,2.5,7.1,.352,4.5,9.3,.484,.503,4.0,5.0,.799,1.8,7.7,9.5,1.8,0.7,2.0,1.6,3.2,20.4
Dwight Powell,C,28,DAL,40,37,26.5,3.7,5.7,.638,0.3,1.0,.256,3.4,4.8,.716,.659,1.9,2.8,.667,1.9,3.8,5.7,1.5,0.9,0.6,0.9,2.6,9.4
Norman Powell,SG,26,TOR,52,26,28.4,5.7,11.5,.495,2.1,5.3,.399,3.6,6.3,.575,.586,2.5,2.9,.843,0.5,3.2,3.7,1.8,1.2,0.4,1.5,2.1,16.0
Chasson Randle,PG,26,GSW,3,0,13.3,0.0,1.3,.000,0.0,0.7,.000,0.0,0.7,.000,.000,1.7,2.0,.833,0.0,0.7,0.7,1.7,0.7,0.0,0.0,1.0,1.7
Jerome Robinson,SG,22,TOT,63,6,15.5,1.8,4.9,.371,0.8,2.4,.320,1.0,2.5,.420,.450,0.6,0.9,.702,0.2,1.8,2.0,1.4,0.4,0.3,0.8,1.8,5.1
Jerome Robinson,SG,22,LAC,42,1,11.3,1.1,3.2,.338,0.5,1.6,.284,0.6,1.6,.391,.408,0.3,0.5,.579,0.1,1.3,1.4,1.1,0.3,0.2,0.6,1.3,2.9
Jerome Robinson,SG,22,WAS,21,5,24.0,3.3,8.3,.397,1.4,4.1,.349,1.9,4.2,.443,.483,1.4,1.8,.763,0.4,2.9,3.3,2.0,0.7,0.4,1.1,2.7,9.4
Justin Robinson,PG,22,WAS,9,0,5.4,0.6,1.3,.417,0.3,0.6,.600,0.2,0.8,.286,.542,0.0,0.0,0,0.1,0.4,0.6,0.8,0.0,0.1,0.3,0.2,1.4
Mitchell Robinson,C,21,NYK,61,7,23.1,4.1,5.6,.742,0.0,0.0,0,4.1,5.6,.742,.742,1.4,2.4,.568,3.0,4.0,7.0,0.6,0.9,2.0,0.6,3.2,9.7
Rajon Rondo,PG,33,LAL,48,3,20.5,2.9,6.8,.418,0.9,2.6,.328,2.0,4.2,.473,.480,0.6,0.9,.659,0.5,2.5,3.0,5.0,0.8,0.0,1.9,1.2,7.1
Derrick Rose,PG,31,DET,50,15,26.0,7.4,15.1,.490,0.9,2.9,.306,6.5,12.1,.535,.520,2.4,2.8,.871,0.5,1.9,2.4,5.6,0.8,0.3,2.5,1.0,18.1
Terrence Ross,SG,28,ORL,69,0,27.4,4.9,12.3,.403,2.6,7.3,.351,2.4,5.0,.480,.508,2.3,2.7,.853,0.2,3.0,3.2,1.2,1.1,0.3,1.0,1.6,14.7
Terry Rozier,PG,25,CHO,63,63,34.3,6.3,14.9,.423,2.7,6.7,.407,3.6,8.2,.436,.514,2.6,3.0,.874,0.8,3.6,4.4,4.1,1.0,0.2,2.2,2.0,18.0
Ricky Rubio,PG,29,PHO,65,65,31.0,4.4,10.6,.415,1.2,3.3,.361,3.2,7.3,.439,.471,3.0,3.5,.863,0.7,4.0,4.7,8.8,1.4,0.2,2.7,2.6,13.0
D'Angelo Russell,PG,23,TOT,45,45,32.3,8.0,18.8,.426,3.5,9.6,.367,4.5,9.2,.487,.519,3.6,4.4,.809,0.4,3.6,3.9,6.3,1.1,0.3,3.3,1.9,23.1
D'Angelo Russell,PG,23,GSW,33,33,32.1,8.3,19.2,.430,3.6,9.7,.374,4.6,9.5,.487,.524,3.4,4.4,.785,0.4,3.3,3.7,6.2,0.9,0.3,3.1,1.9,23.6
Tomáš Satoranský,SG,28,CHI,65,64,28.9,3.6,8.5,.430,1.0,3.1,.322,2.7,5.4,.491,.488,1.6,1.9,.876,1.2,2.7,3.9,5.4,1.2,0.1,2.0,2.1,9.9
Dennis Schröder,PG,26,OKC,65,2,30.8,7.0,14.8,.469,1.9,5.0,.385,5.0,9.8,.513,.534,3.0,3.6,.839,0.3,3.3,3.6,4.0,0.7,0.2,2.6,2.2,18.9
Collin Sexton,PG,21,CLE,65,65,33.0,7.9,16.7,.472,1.5,3.9,.380,6.4,12.8,.501,.517,3.5,4.1,.846,0.9,2.2,3.1,3.0,1.0,0.1,2.4,2.2,20.8
Landry Shamet,SG,22,LAC,53,30,27.4,3.0,7.4,.404,2.1,5.6,.375,0.9,1.8,.495,.546,1.2,1.4,.855,0.1,1.8,1.9,1.9,0.4,0.2,0.8,2.7,9.3
Anfernee Simons,SG,20,POR,70,4,20.7,3.1,7.7,.399,1.1,3.2,.332,2.0,4.4,.448,.469,1.1,1.3,.826,0.4,1.8,2.2,1.4,0.4,0.1,0.9,1.9,8.3
Alen Smailagić,C,19,GSW,14,0,9.9,1.4,2.9,.500,0.2,0.9,.231,1.2,1.9,.630,.538,1.1,1.4,.842,0.7,1.2,1.9,0.9,0.2,0.3,0.8,1.0,4.2
Marcus Smart,SG,25,BOS,60,40,32.0,4.3,11.4,.375,2.3,6.6,.347,2.0,4.8,.415,.476,2.1,2.5,.836,0.7,3.1,3.8,4.9,1.7,0.5,1.7,2.7,12.9
Dennis Smith Jr.,PG,22,NYK,34,3,15.8,2.1,6.2,.341,0.5,1.6,.296,1.6,4.6,.357,.379,0.8,1.6,.509,0.6,1.7,2.3,2.9,0.8,0.2,1.7,1.9,5.5
Ish Smith,PG,31,WAS,68,23,26.3,4.5,10.1,.447,0.9,2.5,.367,3.6,7.6,.473,.492,0.9,1.3,.721,0.4,2.8,3.2,4.9,0.9,0.4,1.4,1.6,10.9
J.R. Smith,SG,34,LAL,6,0,13.2,1.2,3.7,.318,0.2,1.8,.091,1.0,1.8,.545,.341,0.3,0.3,1.000,0.0,0.8,0.8,0.5,0.2,0.0,0.7,0.8,2.8
Omari Spellman,C,22,GSW,49,3,18.1,2.6,6.0,.431,0.9,2.2,.391,1.7,3.8,.454,.503,1.5,1.9,.793,1.6,2.9,4.5,1.0,0.7,0.5,1.1,1.3,7.6
Caleb Swanigan,C,22,SAC,7,0,3.3,0.3,0.6,.500,0.0,0.0,0,0.3,0.6,.500,.500,0.1,0.3,.500,0.3,0.7,1.0,0.3,0.1,0.3,0.9,1.1,0.7
Jeff Teague,PG,31,TOT,59,17,24.8,3.6,8.3,.436,0.7,2.0,.368,2.9,6.3,.457,.480,2.9,3.3,.873,0.5,1.9,2.4,5.2,0.7,0.3,2.0,1.8,10.9
Jeff Teague,PG,31,ATL,25,4,20.8,2.7,6.6,.412,0.4,1.2,.333,2.3,5.4,.430,.442,1.9,2.1,.887,0.5,1.7,2.2,4.0,0.8,0.2,1.6,1.4,7.7
Garrett Temple,SG,33,BRK,62,35,27.9,3.6,9.5,.378,2.0,6.2,.329,1.5,3.2,.473,.486,1.1,1.4,.805,0.5,3.0,3.5,2.5,0.8,0.5,1.0,1.7,10.3
Daniel Theis,C,27,BOS,65,64,24.1,3.7,6.6,.566,0.5,1.5,.333,3.2,5.1,.633,.603,1.3,1.8,.763,2.2,4.4,6.6,1.7,0.6,1.3,0.8,3.4,9.2
Isaiah Thomas,PG,30,WAS,40,37,23.1,4.4,10.7,.408,2.0,4.7,.413,2.4,5.9,.405,.500,1.6,1.9,.816,0.3,1.4,1.7,3.7,0.3,0.2,1.9,1.9,12.2
Khyri Thomas,SG,23,DET,8,0,7.6,0.6,2.1,.294,0.6,1.8,.357,0.0,0.4,.000,.441,0.3,0.5,.500,0.1,0.0,0.1,0.4,0.4,0.0,0.4,1.1,2.1
Matt Thomas,SG,25,TOR,41,1,10.7,1.8,3.7,.487,1.1,2.4,.475,0.6,1.2,.510,.643,0.2,0.3,.750,0.2,1.3,1.5,0.5,0.2,0.0,0.4,0.9,4.9
Tristan Thompson,C,28,CLE,57,51,30.2,5.1,9.9,.512,0.2,0.4,.391,4.9,9.5,.518,.520,1.7,2.8,.615,4.0,6.2,10.1,2.1,0.6,0.9,1.8,2.2,12.0
Juan Toscano-Anderson,SG,26,GSW,13,6,20.9,2.2,4.8,.460,0.6,1.8,.348,1.6,3.1,.525,.524,0.2,0.4,.600,0.7,3.3,4.0,2.0,1.0,0.4,1.2,2.3,5.3
Allonzo Trier,SG,24,NYK,24,1,12.1,2.1,4.4,.481,0.8,2.2,.358,1.3,2.2,.604,.571,1.4,1.8,.791,0.3,1.0,1.2,1.2,0.1,0.2,0.9,1.2,6.5
Rayjon Tucker,SG,22,UTA,20,0,8.1,1.0,2.2,.465,0.2,0.9,.176,0.9,1.3,.654,.500,1.0,1.2,.826,0.2,0.9,1.0,0.3,0.1,0.1,0.4,0.5,3.1
Evan Turner,SG,31,ATL,19,0,13.2,1.3,3.5,.373,0.0,0.3,.000,1.3,3.3,.403,.373,0.6,0.7,.857,0.4,1.6,2.0,2.0,0.5,0.4,1.4,1.1,3.3
Fred VanVleet,SG,25,TOR,54,54,35.7,5.9,14.3,.413,2.7,6.9,.390,3.2,7.4,.434,.507,3.1,3.7,.848,0.3,3.4,3.8,6.6,1.9,0.3,2.2,2.4,17.6
Noah Vonleh,C,24,TOT,36,1,10.5,1.4,2.6,.565,0.1,0.4,.200,1.4,2.1,.636,.582,0.7,0.9,.781,1.0,2.4,3.4,0.8,0.3,0.2,0.6,1.1,3.7
Noah Vonleh,C,24,DEN,7,0,4.3,0.7,0.9,.833,0.1,0.1,1.000,0.6,0.7,.800,.917,0.3,0.6,.500,0.4,0.7,1.1,0.3,0.0,0.0,0.3,0.6,1.9
Nikola Vučević,C,29,ORL,62,62,32.2,8.0,16.7,.477,1.6,4.7,.339,6.4,12.0,.531,.525,2.1,2.7,.784,2.3,8.6,10.9,3.6,0.9,0.8,1.4,2.2,19.6
Moritz Wagner,C,22,WAS,45,5,18.6,3.2,5.9,.545,0.6,1.8,.313,2.7,4.1,.645,.592,1.7,2.1,.821,1.2,3.6,4.9,1.2,0.6,0.4,1.5,3.4,8.7
Dion Waiters,SG,28,TOT,10,0,20.7,4.1,9.9,.414,1.5,4.7,.319,2.6,5.2,.500,.490,1.4,1.7,.824,0.2,2.2,2.4,2.0,0.4,0.6,1.6,2.1,11.1
Dion Waiters,SG,28,LAL,7,0,23.6,4.4,10.4,.425,1.0,4.3,.233,3.4,6.1,.558,.473,2.0,2.3,.875,0.3,1.6,1.9,2.4,0.6,0.6,1.9,2.3,11.9
Kemba Walker,PG,29,BOS,56,56,31.1,6.8,15.9,.425,3.2,8.4,.381,3.5,7.4,.476,.526,3.7,4.3,.864,0.6,3.2,3.9,4.8,0.9,0.5,2.1,1.6,20.4
Lonnie Walker IV,SG,21,SAS,61,12,16.2,2.5,5.9,.426,0.7,1.7,.406,1.8,4.2,.434,.483,0.7,1.0,.721,0.4,1.9,2.3,1.1,0.5,0.2,0.7,1.3,6.4
Tyrone Wallace,SG,25,ATL,14,0,11.4,1.0,3.1,.318,0.1,1.1,.067,0.9,2.1,.448,.330,0.8,1.2,.647,0.2,1.4,1.6,0.9,0.5,0.1,0.7,1.4,2.9
Derrick Walton,PG,24,TOT,26,1,9.5,0.7,1.5,.462,0.4,0.9,.417,0.3,0.6,.533,.590,0.3,0.3,.778,0.1,0.5,0.6,1.0,0.3,0.0,0.2,0.8,2.0
Derrick Walton,PG,24,LAC,23,1,9.7,0.7,1.6,.472,0.4,0.9,.429,0.3,0.7,.533,.597,0.3,0.4,.778,0.1,0.6,0.7,1.0,0.2,0.0,0.2,0.8,2.2
Derrick Walton,PG,24,DET,3,0,8.7,0.3,1.0,.333,0.3,1.0,.333,0.0,0.0,0,.500,0.0,0.0,0,0.0,0.3,0.3,1.7,1.0,0.0,0.3,0.7,1.0
Brad Wanamaker,PG,30,BOS,71,1,19.3,2.3,5.1,.448,0.5,1.4,.363,1.8,3.7,.481,.499,1.8,1.9,.926,0.3,1.7,2.0,2.5,0.9,0.2,1.1,1.9,6.9
Tremont Waters,PG,22,BOS,11,1,10.8,1.3,4.5,.286,0.4,2.2,.167,0.9,2.3,.400,.327,0.7,0.7,1.000,0.0,1.1,1.1,1.5,0.9,0.2,1.4,1.2,3.6
Quinndary Weatherspoon,SG,23,SAS,11,0,7.1,0.5,1.5,.294,0.1,0.5,.200,0.4,1.1,.333,.324,0.1,0.2,.500,0.1,0.5,0.6,1.0,0.3,0.1,0.5,0.7,1.1
Coby White,PG,19,CHI,65,1,25.8,4.8,12.2,.394,2.0,5.8,.354,2.8,6.4,.430,.478,1.6,2.0,.791,0.4,3.1,3.5,2.7,0.8,0.1,1.7,1.8,13.2
Derrick White,SG,25,SAS,68,20,24.7,3.7,8.1,.458,1.2,3.2,.366,2.6,4.9,.518,.530,2.6,3.1,.853,0.5,2.8,3.3,3.5,0.6,0.9,1.3,2.2,11.3
Hassan Whiteside,C,30,POR,67,61,30.0,6.5,10.5,.621,0.1,0.1,.571,6.4,10.4,.622,.624,2.4,3.6,.686,3.9,9.7,13.5,1.2,0.4,2.9,1.8,2.9,15.5
Lou Williams,PG,33,LAC,65,8,28.7,6.0,14.4,.418,1.7,4.8,.352,4.3,9.6,.451,.477,4.5,5.2,.861,0.5,2.6,3.1,5.6,0.7,0.2,2.8,1.2,18.2
Robert Williams,C,22,BOS,29,1,13.4,2.2,3.0,.727,0.0,0.0,0,2.2,3.0,.727,.727,0.8,1.2,.647,1.4,3.0,4.4,0.9,0.8,1.2,0.7,1.8,5.2
Nigel Williams-Goss,PG,25,UTA,10,0,5.0,0.5,1.6,.313,0.2,0.7,.286,0.3,0.9,.333,.375,0.2,0.2,1.000,0.2,0.4,0.6,0.6,0.3,0.1,0.3,0.6,1.4
Delon Wright,PG,27,DAL,73,5,21.5,2.6,5.6,.462,0.6,1.7,.370,2.0,3.9,.504,.519,1.1,1.4,.770,1.0,2.9,3.8,3.3,1.2,0.3,1.0,1.3,6.9
Justin Wright-Foreman,PG,22,UTA,4,0,11.3,1.8,5.0,.350,0.5,2.5,.200,1.3,2.5,.500,.400,0.8,1.0,.750,0.0,1.3,1.3,1.8,0.5,0.0,0.8,1.3,4.8
Trae Young,PG,21,ATL,60,60,35.3,9.1,20.8,.437,3.4,9.5,.361,5.7,11.4,.501,.519,8.0,9.3,.860,0.5,3.7,4.3,9.3,1.1,0.1,4.8,1.7,29.6
Cody Zeller,C,27,CHO,58,39,23.1,4.3,8.3,.524,0.3,1.3,.240,4.0,7.0,.577,.543,2.1,3.1,.682,2.8,4.3,7.1,1.5,0.7,0.4,1.3,2.4,11.1
Tyler Zeller,C,30,SAS,2,0,2.0,0.5,2.0,.250,0.0,0.0,0,0.5,2.0,.250,.250,0.0,0.0,0,1.5,0.5,2.0,0.0,0.0,0.0,0.0,0.0,1.0
Ante Žižić,C,23,CLE,22,0,10.0,1.9,3.3,.569,0.0,0.0,0,1.9,3.3,.569,.569,0.6,0.9,.737,0.8,2.2,3.0,0.3,0.3,0.2,0.5,1.2,4.4
Ivica Zubac,C,22,LAC,72,70,18.4,3.3,5.3,.613,0.0,0.0,.000,3.3,5.3,.616,.613,1.7,2.3,.747,2.7,4.8,7.5,1.1,0.2,0.9,0.8,2.3,8.3
